Workbook

Sheet Close price
B1: XBT BGN Curncy | C1: XET BGN Curncy | D1: XSO BGN Curncy
A2: 45657 | B2: 93714.04 | C2: 3346.486 | D2: 192.7235
A3: 45658 | B3: 94771.56 | C3: 3361.736 | D3: 194.2807
A4: 45659 | B4: 97123.79 | C4: 3451.325 | D4: 206.3485
A5: 45660 | B5: 98243.4 | C5: 3613.583 | D5: 216.2673
A6: 45661 | B6: 98355.29 | C6: 3658.315 | D6: 215.9987
A7: 45662 | B7: 98482.42 | C7: 3646.167 | D7: 213.8696
A8: 45663 | B8: 101661.91 | C8: 3669.029 | D8: 217.9575
A9: 45664 | B9: 96478.53 | C9: 3362.85 | D9: 202.1272
A10: 45665 | B10: 94457.9 | C10: 3298.522 | D10: 195.0606
A11: 45666 | B11: 92106.9 | C11: 3208.025 | D11: 184.827
A12: 45667 | B12: 94620.17 | C12: 3265.335 | D12: 187.8246
A13: 45668 | B13: 94907.03 | C13: 3306.39 | D13: 191.0412
... A334: 45989 | B334: 90914.64 | C334: 3037.752 | D334: 137.4795

Sheet Index value
A1: Date | B1: Index Value | C1: Performance | D1: Total return
A2: 45657 | B2: ='31122024'!C2 -> 1000000 | C2: 0 | D2: =B2/$B$2-1 -> 0
A3: 45688 | B3: ='31012025'!C2 -> 1091845.6 | C3: =B3/B2-1 -> 0.091845624 | D3: =B3/$B$2-1 -> 0.091845624
A4: 45716 | B4: ='28022025'!C2 -> 777572.03 | C4: =B4/B3-1 -> -0.28783703 | D4: =B4/$B$2-1 -> -0.22242797
A5: 45747 | B5: ='31032025'!C2 -> 685868.55 | C5: =B5/B4-1 -> -0.11793567 | D5: =B5/$B$2-1 -> -0.31413145

Sheet 31122024
B1: Date | C1: 45657
B2: Index value | C2: 1000000
B3: Index currency | C3: USD
B5: Asset | C5: Initial weight | D5: Close price | E5: Quantity | F5: USD value
B6: XBT BGN Curncy | C6: =1/COUNTIF($B$6:$B$8,"<>"&"") -> 0.33333333 | D6: =INDEX('Close price'!$A$1:$D$400, MATCH($C$1, 'Close price'!$A$1:$A$400, 0), MATCH(B6, 'Close price'!$A$1:$D$1, 0)) -> 93714.04 | E6: =($C$2*C6)/D6 -> 3.5569199 | F6: =E6*D6 -> 333333.33
B7: XET BGN Curncy | C7: =1/COUNTIF($B$6:$B$8,"<>"&"") -> 0.33333333 | D7: =INDEX('Close price'!$A$1:$D$400, MATCH($C$1, 'Close price'!$A$1:$A$400, 0), MATCH(B7, 'Close price'!$A$1:$D$1, 0)) -> 3346.486 | E7: =($C$2*C7)/D7 -> 99.606971 | F7: =E7*D7 -> 333333.33
B8: XSO BGN Curncy | C8: =1/COUNTIF($B$6:$B$8,"<>"&"") -> 0.33333333 | D8: =INDEX('Close price'!$A$1:$D$400, MATCH($C$1, 'Close price'!$A$1:$A$400, 0), MATCH(B8, 'Close price'!$A$1:$D$1, 0)) -> 192.7235 | E8: =($C$2*C8)/D8 -> 1729.5936 | F8: =E8*D8 -> 333333.33

Sheet 31012025
B1: Date | C1: 45688
B2: Index value | C2: =SUM(I6:I8) -> 1091845.6 | E2: Index value after rebalancing | G2: =SUM($M$6:$M$8) -> 1091845.6 | I2: Index value before rebalancing equals index value after rebalancing | M2: =G2=C2 -> TRUE
B3: Index currency | C3: USD
B5: Asset | C5: Previous weight | D5: Previous Quantity | E5: Previous close | F5: Previous USD value | G5: Last Close | H5: Performance | I5: Last USD Value | J5: Last weight | K5: Weight after rebalancing | L5: New quantity | M5: New USD Value
B6: XBT BGN Curncy | C6: ='31122024'!C6 -> 0.33333333 | D6: ='31122024'!E6 -> 3.5569199 | E6: ='31122024'!D6 -> 93714.04 | F6: ='31122024'!F6 -> 333333.33 | G6: =INDEX('Close price'!$A$1:$D$400, MATCH($C$1, 'Close price'!$A$1:$A$400, 0), MATCH(B6, 'Close price'!$A$1:$D$1, 0)) -> 102110.01 | H6: =G6/E6-1 -> 0.089591378 | I6: =F6*(1+H6) -> 363197.13 | J6: =I6/$C$2 -> 0.33264513 | K6: =1/COUNTIF($B$6:$B$8,"<>"&"") -> 0.33333333 | L6: =($C$2*K6)/G6 -> 3.5642788 | M6: =L6*G6 -> 363948.54
B7: XET BGN Curncy | C7: ='31122024'!C7 -> 0.33333333 | D7: ='31122024'!E7 -> 99.606971 | E7: ='31122024'!D7 -> 3346.486 | F7: ='31122024'!F7 -> 333333.33 | G7: =INDEX('Close price'!$A$1:$D$400, MATCH($C$1, 'Close price'!$A$1:$A$400, 0), MATCH(B7, 'Close price'!$A$1:$D$1, 0)) -> 3318.22 | H7: =G7/E7-1 -> -0.0084464719 | I7: =F7*(1+H7) -> 330517.84 | J7: =I7/$C$2 -> 0.30271481 | K7: =1/COUNTIF($B$6:$B$8,"<>"&"") -> 0.33333333 | L7: =($C$2*K7)/G7 -> 109.68186 | M7: =L7*G7 -> 363948.54
B8: XSO BGN Curncy | C8: ='31122024'!C8 -> 0.33333333 | D8: ='31122024'!E8 -> 1729.5936 | E8: ='31122024'!D8 -> 192.7235 | F8: ='31122024'!F8 -> 333333.33 | G8: =INDEX('Close price'!$A$1:$D$400, MATCH($C$1, 'Close price'!$A$1:$A$400, 0), MATCH(B8, 'Close price'!$A$1:$D$1, 0)) -> 230.1874 | H8: =G8/E8-1 -> 0.19439197 | I8: =F8*(1+H8) -> 398130.66 | J8: =I8/$C$2 -> 0.36464006 | K8: =1/COUNTIF($B$6:$B$8,"<>"&"") -> 0.33333333 | L8: =($C$2*K8)/G8 -> 1581.0967 | M8: =L8*G8 -> 363948.54

Sheet 28022025
B1: Date | C1: 45716
B2: Index value | C2: =SUM(I6:I8) -> 777572.03 | E2: Index value after rebalancing | G2: =SUM($M$6:$M$8) -> 777572.03 | I2: Index value before rebalancing equals index value after rebalancing | M2: =G2=C2 -> TRUE
B3: Index currency | C3: USD
B5: Asset | C5: Previous weight | D5: Previous Quantity | E5: Previous close | F5: Previous USD value | G5: Last Close | H5: Performance | I5: Last USD Value | J5: Last weight | K5: Weight after rebalancing | L5: New quantity | M5: New USD Value
B6: XBT BGN Curncy | C6: ='31012025'!C6 -> 0.33333333 | D6: ='31012025'!L6 -> 3.5642788 | E6: ='31012025'!G6 -> 102110.01 | F6: ='31012025'!M6 -> 363948.54 | G6: =INDEX('Close price'!$A$1:$D$400, MATCH($C$1, 'Close price'!$A$1:$A$400, 0), MATCH(B6, 'Close price'!$A$1:$D$1, 0)) -> 84212.07 | H6: =G6/E6-1 -> -0.17528095 | I6: =F6*(1+H6) -> 300155.29 | J6: =I6/$C$2 -> 0.38601607 | K6: =1/COUNTIF($B$6:$B$8,"<>"&"") -> 0.33333333 | L6: =($C$2*K6)/G6 -> 3.0778328 | M6: =L6*G6 -> 259190.68
B7: XET BGN Curncy | C7: ='31012025'!C7 -> 0.33333333 | D7: ='31012025'!L7 -> 109.68186 | E7: ='31012025'!G7 -> 3318.22 | F7: ='31012025'!M7 -> 363948.54 | G7: =INDEX('Close price'!$A$1:$D$400, MATCH($C$1, 'Close price'!$A$1:$A$400, 0), MATCH(B7, 'Close price'!$A$1:$D$1, 0)) -> 2224.008 | H7: =G7/E7-1 -> -0.32975873 | I7: =F7*(1+H7) -> 243933.33 | J7: =I7/$C$2 -> 0.31371156 | K7: =1/COUNTIF($B$6:$B$8,"<>"&"") -> 0.33333333 | L7: =($C$2*K7)/G7 -> 116.54215 | M7: =L7*G7 -> 259190.68
B8: XSO BGN Curncy | C8: ='31012025'!C8 -> 0.33333333 | D8: ='31012025'!L8 -> 1581.0967 | E8: ='31012025'!G8 -> 230.1874 | F8: ='31012025'!M8 -> 363948.54 | G8: =INDEX('Close price'!$A$1:$D$400, MATCH($C$1, 'Close price'!$A$1:$A$400, 0), MATCH(B8, 'Close price'!$A$1:$D$1, 0)) -> 147.6718 | H8: =G8/E8-1 -> -0.3584714 | I8: =F8*(1+H8) -> 233483.4 | J8: =I8/$C$2 -> 0.30027237 | K8: =1/COUNTIF($B$6:$B$8,"<>"&"") -> 0.33333333 | L8: =($C$2*K8)/G8 -> 1755.1806 | M8: =L8*G8 -> 259190.68

Sheet 31032025
B1: Date | C1: 45747
B2: Index value | C2: =SUM(I6:I8) -> 685868.55 | E2: Index value after rebalancing | G2: =SUM($M$6:$M$8) -> 685868.55 | I2: Index value before rebalancing equals index value after rebalancing | M2: =G2=C2 -> TRUE
B3: Index currency | C3: USD
B5: Asset | C5: Previous weight | D5: Previous Quantity | E5: Previous close | F5: Previous USD value | G5: Last Close | H5: Performance | I5: Last USD Value | J5: Last weight | K5: Weight after rebalancing | L5: New quantity | M5: New USD Value
B6: XBT BGN Curncy | C6: ='28022025'!C6 -> 0.33333333 | D6: ='28022025'!L6 -> 3.0778328 | E6: ='28022025'!G6 -> 84212.07 | F6: ='28022025'!M6 -> 259190.68 | G6: =INDEX('Close price'!$A$1:$D$400, MATCH($C$1, 'Close price'!$A$1:$A$400, 0), MATCH(B6, 'Close price'!$A$1:$D$1, 0)) -> 82421.29 | H6: =G6/E6-1 -> -0.021265123 | I6: =F6*(1+H6) -> 253678.95 | J6: =I6/$C$2 -> 0.36986527 | K6: =1/COUNTIF($B$6:$B$8,"<>"&"") -> 0.33333333 | L6: =($C$2*K6)/G6 -> 2.7738325 | M6: =L6*G6 -> 228622.85
B7: XET BGN Curncy | C7: ='28022025'!C7 -> 0.33333333 | D7: ='28022025'!L7 -> 116.54215 | E7: ='28022025'!G7 -> 2224.008 | F7: ='28022025'!M7 -> 259190.68 | G7: =INDEX('Close price'!$A$1:$D$400, MATCH($C$1, 'Close price'!$A$1:$A$400, 0), MATCH(B7, 'Close price'!$A$1:$D$1, 0)) -> 1819.57 | H7: =G7/E7-1 -> -0.18185096 | I7: =F7*(1+H7) -> 212056.6 | J7: =I7/$C$2 -> 0.30917966 | K7: =1/COUNTIF($B$6:$B$8,"<>"&"") -> 0.33333333 | L7: =($C$2*K7)/G7 -> 125.64664 | M7: =L7*G7 -> 228622.85
B8: XSO BGN Curncy | C8: ='28022025'!C8 -> 0.33333333 | D8: ='28022025'!L8 -> 1755.1806 | E8: ='28022025'!G8 -> 147.6718 | F8: ='28022025'!M8 -> 259190.68 | G8: =INDEX('Close price'!$A$1:$D$400, MATCH($C$1, 'Close price'!$A$1:$A$400, 0), MATCH(B8, 'Close price'!$A$1:$D$1, 0)) -> 125.419 | H8: =G8/E8-1 -> -0.15069092 | I8: =F8*(1+H8) -> 220132.99 | J8: =I8/$C$2 -> 0.32095508 | K8: =1/COUNTIF($B$6:$B$8,"<>"&"") -> 0.33333333 | L8: =($C$2*K8)/G8 -> 1822.8725 | M8: =L8*G8 -> 228622.85
